{"train_exact_acc":0,"val_mae_diseased":1.0717554092407227,"_step":29,"train_loss":2.7550228983163834,"train_mae_leaves":1.3394317626953125,"_wandb":{"runtime":1095},"_runtime":1095.193318,"val_exact_acc":0,"train_leaves_acc":12.5,"val_loss":5.253662109375,"val_diseased_acc":50,"val_leaves_acc":0,"val_mae_leaves":1.8021440505981445,"train_mae_diseased":0.6044836044311523,"_timestamp":1.7513108486602213e+09,"train_diseased_acc":37.5,"epoch":30}